{
	"credit": "Made with Blockbench",
	"textures": {
		"0": "gmm:blocks/blockz/planks_big_oak",
		"particle": "gmm:blocks/blockz/planks_big_oak"
	},
	"elements": [
		{
			"from": [7.1, 10.1, 6.1],
			"to": [7.9, 11, 6.9],
			"rotation": {"angle": 0, "axis": "x", "origin": [8, 13.8, 5]},
			"faces": {
				"north": {"uv": [0.99989, 0.99989, 1.99946, 1.89871], "rotation": 180, "texture": "#0"},
				"east": {"uv": [0.99989, 0.99989, 1.99946, 1.89871], "rotation": 180, "texture": "#0"},
				"south": {"uv": [0.99989, 0.99989, 1.99946, 1.89871], "rotation": 180, "texture": "#0"},
				"west": {"uv": [0.99989, 0.99989, 1.99946, 1.89871], "rotation": 180, "texture": "#0"},
				"up": {"uv": [0.99989, 0.99989, 1.99946, 1.89871], "rotation": 180, "texture": "#0"},
				"down": {"uv": [0.99989, 0.99989, 1.99946, 1.89871], "rotation": 180, "texture": "#0"}
			}
		},
		{
			"from": [7.1, 10.7, 4],
			"to": [7.9, 11.6, 5],
			"rotation": {"angle": 22.5, "axis": "x", "origin": [8, 14.4, 3]},
			"faces": {
				"north": {"uv": [0.99989, 0.99989, 1.99946, 1.89871], "rotation": 180, "texture": "#0"},
				"east": {"uv": [0.99989, 0.99989, 1.99946, 1.89871], "rotation": 180, "texture": "#0"},
				"south": {"uv": [0.99989, 0.99989, 1.99946, 1.89871], "rotation": 180, "texture": "#0"},
				"west": {"uv": [0.99989, 0.99989, 1.99946, 1.89871], "rotation": 180, "texture": "#0"},
				"up": {"uv": [0.99989, 0.99989, 1.99946, 1.89871], "rotation": 180, "texture": "#0"},
				"down": {"uv": [0.99989, 0.99989, 1.99946, 1.89871], "rotation": 180, "texture": "#0"}
			}
		},
		{
			"from": [7.1, 12.7, 1],
			"to": [7.9, 13.7, 2],
			"rotation": {"angle": -45, "axis": "x", "origin": [8, 14.7, 4.7]},
			"faces": {
				"north": {"uv": [0.99989, 0.99989, 1.99946, 1.89871], "rotation": 180, "texture": "#0"},
				"east": {"uv": [0.99989, 0.99989, 1.99946, 1.89871], "rotation": 180, "texture": "#0"},
				"south": {"uv": [0.99989, 0.99989, 1.99946, 1.89871], "rotation": 180, "texture": "#0"},
				"west": {"uv": [0.99989, 0.99989, 1.99946, 1.89871], "rotation": 180, "texture": "#0"},
				"up": {"uv": [0.99989, 0.99989, 1.99946, 1.89871], "rotation": 180, "texture": "#0"},
				"down": {"uv": [0.99989, 0.99989, 1.99946, 1.89871], "rotation": 180, "texture": "#0"}
			}
		},
		{
			"from": [7.1, 12.5, 2.8],
			"to": [7.9, 13.4, 3.8],
			"rotation": {"angle": -22.5, "axis": "x", "origin": [8, 14.4, 6.5]},
			"faces": {
				"north": {"uv": [0.99989, 0.99989, 1.99946, 1.89871], "rotation": 180, "texture": "#0"},
				"east": {"uv": [0.99989, 0.99989, 1.99946, 1.89871], "rotation": 180, "texture": "#0"},
				"south": {"uv": [0.99989, 0.99989, 1.99946, 1.89871], "rotation": 180, "texture": "#0"},
				"west": {"uv": [0.99989, 0.99989, 1.99946, 1.89871], "rotation": 180, "texture": "#0"},
				"up": {"uv": [0.99989, 0.99989, 1.99946, 1.89871], "rotation": 180, "texture": "#0"},
				"down": {"uv": [0.99989, 0.99989, 1.99946, 1.89871], "rotation": 180, "texture": "#0"}
			}
		},
		{
			"from": [7.1, 11.6, 4.4],
			"to": [7.9, 12.4, 5.4],
			"rotation": {"angle": 0, "axis": "x", "origin": [8, 13.5, 8.1]},
			"faces": {
				"north": {"uv": [0.99989, 0.99989, 1.99946, 1.89871], "rotation": 180, "texture": "#0"},
				"east": {"uv": [0.99989, 0.99989, 1.99946, 1.89871], "rotation": 180, "texture": "#0"},
				"south": {"uv": [0.99989, 0.99989, 1.99946, 1.89871], "rotation": 180, "texture": "#0"},
				"west": {"uv": [0.99989, 0.99989, 1.99946, 1.89871], "rotation": 180, "texture": "#0"},
				"up": {"uv": [0.99989, 0.99989, 1.99946, 1.89871], "rotation": 180, "texture": "#0"},
				"down": {"uv": [0.99989, 0.99989, 1.99946, 1.89871], "rotation": 180, "texture": "#0"}
			}
		},
		{
			"from": [7.1, 10.1, 5.5],
			"to": [7.9, 10.9, 6.3],
			"rotation": {"angle": 22.5, "axis": "x", "origin": [8, 12, 9.2]},
			"faces": {
				"north": {"uv": [0.99989, 0.99989, 1.99946, 1.89871], "rotation": 180, "texture": "#0"},
				"east": {"uv": [0.99989, 0.99989, 1.99946, 1.89871], "rotation": 180, "texture": "#0"},
				"south": {"uv": [0.99989, 0.99989, 1.99946, 1.89871], "rotation": 180, "texture": "#0"},
				"west": {"uv": [0.99989, 0.99989, 1.99946, 1.89871], "rotation": 180, "texture": "#0"},
				"up": {"uv": [0.99989, 0.99989, 1.99946, 1.89871], "rotation": 180, "texture": "#0"},
				"down": {"uv": [0.99989, 0.99989, 1.99946, 1.89871], "rotation": 180, "texture": "#0"}
			}
		},
		{
			"from": [7.1, 13.2, 7.6],
			"to": [7.9, 14, 8.4],
			"rotation": {"angle": -45, "axis": "x", "origin": [8, 10.3, 9.5]},
			"faces": {
				"north": {"uv": [0.99989, 0.99989, 1.99946, 1.89871], "rotation": 180, "texture": "#0"},
				"east": {"uv": [0.99989, 0.99989, 1.99946, 1.89871], "rotation": 180, "texture": "#0"},
				"south": {"uv": [0.99989, 0.99989, 1.99946, 1.89871], "rotation": 180, "texture": "#0"},
				"west": {"uv": [0.99989, 0.99989, 1.99946, 1.89871], "rotation": 180, "texture": "#0"},
				"up": {"uv": [0.99989, 0.99989, 1.99946, 1.89871], "rotation": 180, "texture": "#0"},
				"down": {"uv": [0.99989, 0.99989, 1.99946, 1.89871], "rotation": 180, "texture": "#0"}
			}
		},
		{
			"from": [7.1, 11.6, 7.2],
			"to": [7.9, 12.3, 8],
			"rotation": {"angle": -22.5, "axis": "x", "origin": [8, 8.6, 9.1]},
			"faces": {
				"north": {"uv": [0.99989, 0.99989, 1.99946, 1.89871], "rotation": 180, "texture": "#0"},
				"east": {"uv": [0.99989, 0.99989, 1.99946, 1.89871], "rotation": 180, "texture": "#0"},
				"south": {"uv": [0.99989, 0.99989, 1.99946, 1.89871], "rotation": 180, "texture": "#0"},
				"west": {"uv": [0.99989, 0.99989, 1.99946, 1.89871], "rotation": 180, "texture": "#0"},
				"up": {"uv": [0.99989, 0.99989, 1.99946, 1.89871], "rotation": 180, "texture": "#0"},
				"down": {"uv": [0.99989, 0.99989, 1.99946, 1.89871], "rotation": 180, "texture": "#0"}
			}
		},
		{
			"from": [7, 9.4, 6],
			"to": [8, 9.7, 7],
			"faces": {
				"north": {"uv": [0.99894, 3.49929, 1.9982, 3.89691], "rotation": 180, "texture": "#0"},
				"east": {"uv": [0.99894, 3.49929, 1.9982, 3.89691], "rotation": 180, "texture": "#0"},
				"south": {"uv": [0.99894, 3.49929, 1.9982, 3.89691], "rotation": 180, "texture": "#0"},
				"west": {"uv": [0.99894, 3.49929, 1.9982, 3.89691], "rotation": 180, "texture": "#0"},
				"up": {"uv": [0.99894, 3.49929, 1.9982, 3.89691], "rotation": 180, "texture": "#0"},
				"down": {"uv": [0.99894, 3.49929, 1.9982, 3.89691], "rotation": 180, "texture": "#0"}
			}
		},
		{
			"from": [7, 7.9, 6],
			"to": [8, 8.2, 7],
			"faces": {
				"north": {"uv": [0.99894, 3.49929, 1.9982, 3.89691], "rotation": 180, "texture": "#0"},
				"east": {"uv": [0.99894, 3.49929, 1.9982, 3.89691], "rotation": 180, "texture": "#0"},
				"south": {"uv": [0.99894, 3.49929, 1.9982, 3.89691], "rotation": 180, "texture": "#0"},
				"west": {"uv": [0.99894, 3.49929, 1.9982, 3.89691], "rotation": 180, "texture": "#0"},
				"up": {"uv": [0.99894, 3.49929, 1.9982, 3.89691], "rotation": 180, "texture": "#0"},
				"down": {"uv": [0.99894, 3.49929, 1.9982, 3.89691], "rotation": 180, "texture": "#0"}
			}
		},
		{
			"from": [7, 8.9, 6],
			"to": [8, 9.2, 7],
			"faces": {
				"north": {"uv": [0.99894, 3.49929, 1.9982, 3.89691], "rotation": 180, "texture": "#0"},
				"east": {"uv": [0.99894, 3.49929, 1.9982, 3.89691], "rotation": 180, "texture": "#0"},
				"south": {"uv": [0.99894, 3.49929, 1.9982, 3.89691], "rotation": 180, "texture": "#0"},
				"west": {"uv": [0.99894, 3.49929, 1.9982, 3.89691], "rotation": 180, "texture": "#0"},
				"up": {"uv": [0.99894, 3.49929, 1.9982, 3.89691], "rotation": 180, "texture": "#0"},
				"down": {"uv": [0.99894, 3.49929, 1.9982, 3.89691], "rotation": 180, "texture": "#0"}
			}
		},
		{
			"from": [7, 7.4, 6],
			"to": [8, 7.7, 7],
			"faces": {
				"north": {"uv": [0.99894, 3.49929, 1.9982, 3.89691], "rotation": 180, "texture": "#0"},
				"east": {"uv": [0.99894, 3.49929, 1.9982, 3.89691], "rotation": 180, "texture": "#0"},
				"south": {"uv": [0.99894, 3.49929, 1.9982, 3.89691], "rotation": 180, "texture": "#0"},